Ticker,Date,Time,Open,High,Low,Close,Volume,Open Interest
ICICIBANK.NSE,29-05-2017,09:15:59,319.25,319.4,316.05,317.7,143354,0
ICICIBANK.NSE,29-05-2017,09:16:59,317.7,318.2,317.7,318,52695,0
ICICIBANK.NSE,29-05-2017,09:17:59,318,318.85,318,318.55,47179,0
ICICIBANK.NSE,29-05-2017,09:18:59,318.65,319.4,318.5,319.2,44745,0
ICICIBANK.NSE,29-05-2017,09:19:59,319.3,319.85,319.2,319.65,57892,0
ICICIBANK.NSE,29-05-2017,09:20:59,319.6,320.4,319.6,320.25,67482,0
ICICIBANK.NSE,29-05-2017,09:21:59,320.25,320.3,319.95,320.05,56590,0
ICICIBANK.NSE,29-05-2017,09:22:59,320.15,320.15,319.6,319.6,52413,0
ICICIBANK.NSE,29-05-2017,09:23:59,319.65,319.65,319.15,319.4,56305,0
ICICIBANK.NSE,29-05-2017,09:24:59,319.5,320.05,319.45,319.7,36525,0
ICICIBANK.NSE,29-05-2017,09:25:59,319.7,319.7,318.3,318.35,50383,0
ICICIBANK.NSE,29-05-2017,09:26:59,318.35,319.15,318.3,319.05,134400,0
ICICIBANK.NSE,29-05-2017,09:27:59,319.05,319.7,318.95,319.65,60791,0
ICICIBANK.NSE,29-05-2017,09:28:59,319.7,319.9,319.5,319.5,26732,0
ICICIBANK.NSE,29-05-2017,09:29:59,319.45,319.45,318.75,319,43666,0
ICICIBANK.NSE,29-05-2017,09:30:59,319.05,319.25,319,319,36599,0
ICICIBANK.NSE,29-05-2017,09:31:59,319,319.15,318.7,318.95,23863,0
ICICIBANK.NSE,29-05-2017,09:32:59,318.95,319,318.7,318.85,30321,0
ICICIBANK.NSE,29-05-2017,09:33:59,318.85,318.85,318.05,318.25,33687,0
ICICIBANK.NSE,29-05-2017,09:34:59,318.25,318.3,317.85,317.9,49110,0
ICICIBANK.NSE,29-05-2017,09:35:59,317.9,318.2,317.6,317.8,29910,0
ICICIBANK.NSE,29-05-2017,09:36:59,317.8,317.85,317.4,317.4,21161,0
ICICIBANK.NSE,29-05-2017,09:37:59,317.4,318.15,317.25,318,20039,0
ICICIBANK.NSE,29-05-2017,09:38:59,318.05,318.65,317.85,318.65,20345,0
ICICIBANK.NSE,29-05-2017,09:39:59,318.65,319,318.1,318.25,86988,0
ICICIBANK.NSE,29-05-2017,09:40:59,318.2,318.5,318.15,318.15,17476,0
ICICIBANK.NSE,29-05-2017,09:41:59,318.15,318.55,318.1,318.45,17288,0
ICICIBANK.NSE,29-05-2017,09:42:59,318.5,318.55,318.05,318.15,13382,0
ICICIBANK.NSE,29-05-2017,09:43:59,318.15,318.65,318.1,318.65,15664,0
ICICIBANK.NSE,29-05-2017,09:44:59,318.75,318.95,318.65,318.8,21699,0
ICICIBANK.NSE,29-05-2017,09:45:59,318.75,319.1,318.7,318.95,61190,0
ICICIBANK.NSE,29-05-2017,09:46:59,318.95,319.1,318.85,318.95,12931,0
ICICIBANK.NSE,29-05-2017,09:47:59,318.95,319,318.8,318.95,18082,0
ICICIBANK.NSE,29-05-2017,09:48:59,319,319,318.4,318.45,20252,0
ICICIBANK.NSE,29-05-2017,09:49:59,318.45,318.45,318.2,318.25,13810,0
ICICIBANK.NSE,29-05-2017,09:50:59,318.25,318.4,318.05,318.05,14382,0
ICICIBANK.NSE,29-05-2017,09:51:59,318.05,318.25,318,318.05,18473,0
ICICIBANK.NSE,29-05-2017,09:52:59,318.05,318.1,317.9,318.05,16782,0
ICICIBANK.NSE,29-05-2017,09:53:59,318,318.25,317.8,318.25,44630,0
ICICIBANK.NSE,29-05-2017,09:54:59,318.25,318.25,317.4,317.85,47179,0
ICICIBANK.NSE,29-05-2017,09:55:59,317.85,318,317.65,317.95,22807,0
ICICIBANK.NSE,29-05-2017,09:56:59,317.95,318.5,317.9,318.3,25106,0
ICICIBANK.NSE,29-05-2017,09:57:59,318.25,318.45,318.1,318.15,15300,0
ICICIBANK.NSE,29-05-2017,09:58:59,318.15,318.35,318.05,318.2,12112,0
ICICIBANK.NSE,29-05-2017,09:59:59,318.2,318.5,318.15,318.2,16875,0
ICICIBANK.NSE,29-05-2017,10:00:59,318.2,318.3,317.85,317.9,11038,0
ICICIBANK.NSE,29-05-2017,10:01:59,317.75,317.9,317.5,317.5,11426,0
ICICIBANK.NSE,29-05-2017,10:02:59,317.6,317.8,317,317.6,36245,0
ICICIBANK.NSE,29-05-2017,10:03:59,317.6,317.7,317.15,317.2,34047,0
ICICIBANK.NSE,29-05-2017,10:04:59,317.2,317.75,317.05,317.75,36029,0
ICICIBANK.NSE,29-05-2017,10:05:59,317.75,317.8,317.5,317.75,26535,0
ICICIBANK.NSE,29-05-2017,10:06:59,317.7,318.5,317.7,318.5,33543,0
ICICIBANK.NSE,29-05-2017,10:07:59,318.5,318.5,317.55,317.55,22298,0
ICICIBANK.NSE,29-05-2017,10:08:59,317.55,317.85,317.45,317.8,33163,0
ICICIBANK.NSE,29-05-2017,10:09:59,317.8,317.8,317.65,317.7,17410,0
ICICIBANK.NSE,29-05-2017,10:10:59,317.7,318.1,317.65,317.95,15579,0
ICICIBANK.NSE,29-05-2017,10:11:59,317.95,317.95,317.6,317.6,8554,0
ICICIBANK.NSE,29-05-2017,10:12:59,317.6,318.2,317.5,318,37749,0
ICICIBANK.NSE,29-05-2017,10:13:59,318,318,317.75,317.9,23517,0
ICICIBANK.NSE,29-05-2017,10:14:59,317.95,318.25,317.95,318.1,34232,0
ICICIBANK.NSE,29-05-2017,10:15:59,318.1,318.45,318.1,318.2,44113,0
ICICIBANK.NSE,29-05-2017,10:16:59,318.15,318.15,317.25,317.85,39321,0
ICICIBANK.NSE,29-05-2017,10:17:59,317.85,317.95,317.7,317.8,21323,0
ICICIBANK.NSE,29-05-2017,10:18:59,317.8,317.9,317.45,317.45,25247,0
ICICIBANK.NSE,29-05-2017,10:19:59,317.45,317.9,317.45,317.85,13321,0
ICICIBANK.NSE,29-05-2017,10:20:59,317.85,317.9,317,317.1,43524,0
ICICIBANK.NSE,29-05-2017,10:21:59,317.1,317.6,317,317.55,13125,0
ICICIBANK.NSE,29-05-2017,10:22:59,317.55,317.55,317.15,317.25,15438,0
ICICIBANK.NSE,29-05-2017,10:23:59,317.3,317.5,317.1,317.5,22764,0
ICICIBANK.NSE,29-05-2017,10:24:59,317.5,317.85,317.45,317.7,33614,0
ICICIBANK.NSE,29-05-2017,10:25:59,317.75,317.85,317.6,317.85,24466,0
ICICIBANK.NSE,29-05-2017,10:26:59,317.8,317.85,317.7,317.85,7863,0
ICICIBANK.NSE,29-05-2017,10:27:59,317.85,318.05,317.75,317.75,24415,0
ICICIBANK.NSE,29-05-2017,10:28:59,317.75,317.75,317.25,317.5,28870,0
ICICIBANK.NSE,29-05-2017,10:29:59,317.5,317.65,317.15,317.65,26222,0
ICICIBANK.NSE,29-05-2017,10:30:59,317.65,317.65,317.25,317.35,24651,0
ICICIBANK.NSE,29-05-2017,10:31:59,317.35,317.8,317.35,317.8,14646,0
ICICIBANK.NSE,29-05-2017,10:32:59,317.8,317.95,317.7,317.75,12521,0
ICICIBANK.NSE,29-05-2017,10:33:59,317.75,317.95,317.5,317.9,16015,0
ICICIBANK.NSE,29-05-2017,10:34:59,317.9,317.95,317.65,317.85,9613,0
ICICIBANK.NSE,29-05-2017,10:35:59,317.85,318.2,317.85,318.05,32263,0
ICICIBANK.NSE,29-05-2017,10:36:59,318,318.05,317.7,317.75,26430,0
ICICIBANK.NSE,29-05-2017,10:37:59,317.75,318.1,317.75,317.9,21657,0
ICICIBANK.NSE,29-05-2017,10:38:59,317.95,318,317.55,317.55,22237,0
ICICIBANK.NSE,29-05-2017,10:39:59,317.6,317.75,317.3,317.45,32814,0
ICICIBANK.NSE,29-05-2017,10:40:59,317.45,317.5,317.4,317.5,23780,0
ICICIBANK.NSE,29-05-2017,10:41:59,317.45,317.6,317.25,317.3,31250,0
ICICIBANK.NSE,29-05-2017,10:42:59,317.3,317.4,317.2,317.25,18095,0
ICICIBANK.NSE,29-05-2017,10:43:59,317.25,317.4,317.2,317.2,28294,0
ICICIBANK.NSE,29-05-2017,10:44:59,317.2,317.25,317.15,317.25,23334,0
ICICIBANK.NSE,29-05-2017,10:45:59,317.2,317.25,317.05,317.15,28863,0
ICICIBANK.NSE,29-05-2017,10:46:59,317.15,317.25,317.15,317.15,11929,0
ICICIBANK.NSE,29-05-2017,10:47:59,317.2,317.25,317.15,317.25,21647,0
ICICIBANK.NSE,29-05-2017,10:48:59,317.2,317.3,317.1,317.1,34861,0
ICICIBANK.NSE,29-05-2017,10:49:59,317.1,317.3,317.1,317.2,21827,0
ICICIBANK.NSE,29-05-2017,10:50:59,317.2,317.2,317,317.05,25385,0
ICICIBANK.NSE,29-05-2017,10:51:59,316.95,316.95,316.65,316.7,46630,0
ICICIBANK.NSE,29-05-2017,10:52:59,316.8,316.85,316.65,316.65,35539,0
ICICIBANK.NSE,29-05-2017,10:53:59,316.65,316.85,316.65,316.75,33239,0
ICICIBANK.NSE,29-05-2017,10:54:59,316.75,316.8,316.5,316.65,28145,0
ICICIBANK.NSE,29-05-2017,10:55:59,316.65,316.7,316.55,316.65,16339,0
ICICIBANK.NSE,29-05-2017,10:56:59,316.65,316.75,316.6,316.7,19449,0
ICICIBANK.NSE,29-05-2017,10:57:59,316.7,316.7,316.6,316.65,9396,0
ICICIBANK.NSE,29-05-2017,10:58:59,316.65,316.75,316.6,316.6,14951,0
ICICIBANK.NSE,29-05-2017,10:59:59,316.6,316.8,316.6,316.65,16497,0
ICICIBANK.NSE,29-05-2017,11:00:59,316.65,316.75,316.55,316.6,20347,0
ICICIBANK.NSE,29-05-2017,11:01:59,316.55,316.75,316.55,316.65,13306,0
ICICIBANK.NSE,29-05-2017,11:02:59,316.65,316.7,316.1,316.1,39069,0
ICICIBANK.NSE,29-05-2017,11:03:59,316.1,316.3,316.05,316.25,45066,0
ICICIBANK.NSE,29-05-2017,11:04:59,316.2,316.25,316.05,316.05,19376,0
ICICIBANK.NSE,29-05-2017,11:05:59,316.1,316.15,315.8,316.1,141355,0
ICICIBANK.NSE,29-05-2017,11:06:59,316.1,316.15,315.35,315.45,100333,0
ICICIBANK.NSE,29-05-2017,11:07:59,315.45,315.55,315.3,315.4,39582,0
ICICIBANK.NSE,29-05-2017,11:08:59,315.45,315.55,315.4,315.55,23323,0
ICICIBANK.NSE,29-05-2017,11:09:59,315.55,315.75,315.5,315.65,19078,0
ICICIBANK.NSE,29-05-2017,11:10:59,315.7,316,315.7,316,24818,0
ICICIBANK.NSE,29-05-2017,11:11:59,316,316,315.8,316,27017,0
ICICIBANK.NSE,29-05-2017,11:12:59,316,316.05,315.9,315.95,19181,0
ICICIBANK.NSE,29-05-2017,11:13:59,315.9,316,315.9,315.95,12409,0
ICICIBANK.NSE,29-05-2017,11:14:59,315.95,316.05,315.9,316,24171,0
ICICIBANK.NSE,29-05-2017,11:15:59,316,316,315.95,315.95,11104,0
ICICIBANK.NSE,29-05-2017,11:16:59,316,316.1,315.95,315.95,15508,0
ICICIBANK.NSE,29-05-2017,11:17:59,315.95,315.95,315.5,315.65,23770,0
ICICIBANK.NSE,29-05-2017,11:18:59,315.65,315.7,315.35,315.35,21302,0
ICICIBANK.NSE,29-05-2017,11:19:59,315.4,315.45,315.15,315.45,38770,0
ICICIBANK.NSE,29-05-2017,11:20:59,315.45,315.8,315.4,315.65,33236,0
ICICIBANK.NSE,29-05-2017,11:21:59,315.6,315.75,315.6,315.75,22157,0
ICICIBANK.NSE,29-05-2017,11:22:59,315.75,316,315.65,316,19790,0
ICICIBANK.NSE,29-05-2017,11:23:59,316,316,315.75,315.8,17747,0
ICICIBANK.NSE,29-05-2017,11:24:59,315.8,315.9,315.7,315.75,10665,0
ICICIBANK.NSE,29-05-2017,11:25:59,315.7,315.8,315.65,315.75,10718,0
ICICIBANK.NSE,29-05-2017,11:26:59,315.7,315.9,315.7,315.9,15733,0
ICICIBANK.NSE,29-05-2017,11:27:59,315.9,315.9,315.75,315.8,7669,0
ICICIBANK.NSE,29-05-2017,11:28:59,315.9,315.9,315.7,315.85,14014,0
ICICIBANK.NSE,29-05-2017,11:29:59,315.85,315.9,315.7,315.85,21006,0
ICICIBANK.NSE,29-05-2017,11:30:59,315.85,315.85,315.65,315.65,13162,0
ICICIBANK.NSE,29-05-2017,11:31:59,315.65,315.65,315.05,315.35,46390,0
ICICIBANK.NSE,29-05-2017,11:32:59,315.35,315.65,315.3,315.55,14746,0
ICICIBANK.NSE,29-05-2017,11:33:59,315.6,315.6,315.05,315.05,15066,0
ICICIBANK.NSE,29-05-2017,11:34:59,315.05,315.5,315.05,315.5,20202,0
ICICIBANK.NSE,29-05-2017,11:35:59,315.5,315.65,315.5,315.65,12044,0
ICICIBANK.NSE,29-05-2017,11:36:59,315.65,315.65,315.25,315.3,14980,0
ICICIBANK.NSE,29-05-2017,11:37:59,315.3,315.5,315.15,315.3,34776,0
ICICIBANK.NSE,29-05-2017,11:38:59,315.3,315.3,315.2,315.3,8877,0
ICICIBANK.NSE,29-05-2017,11:39:59,315.35,315.35,315.2,315.2,9742,0
ICICIBANK.NSE,29-05-2017,11:40:59,315.2,315.35,315.15,315.15,18131,0
ICICIBANK.NSE,29-05-2017,11:41:59,315.15,315.2,315.15,315.15,7094,0
ICICIBANK.NSE,29-05-2017,11:42:59,315.2,315.45,315,315.45,114878,0
ICICIBANK.NSE,29-05-2017,11:43:59,315.4,315.6,315.4,315.55,20428,0
ICICIBANK.NSE,29-05-2017,11:44:59,315.55,315.6,315.15,315.45,33632,0
ICICIBANK.NSE,29-05-2017,11:45:59,315.4,315.5,314.55,314.55,54417,0
ICICIBANK.NSE,29-05-2017,11:46:59,314.6,314.9,314,314.85,79065,0
ICICIBANK.NSE,29-05-2017,11:47:59,314.85,315,314.7,315,36360,0
ICICIBANK.NSE,29-05-2017,11:48:59,315,315,314.7,314.7,14918,0
ICICIBANK.NSE,29-05-2017,11:49:59,314.75,314.8,314.6,314.75,23419,0
ICICIBANK.NSE,29-05-2017,11:50:59,314.75,315.05,314.75,315.05,28972,0
ICICIBANK.NSE,29-05-2017,11:51:59,315,315.1,315,315.05,24640,0
ICICIBANK.NSE,29-05-2017,11:52:59,315.05,315.1,314.8,314.8,30950,0
ICICIBANK.NSE,29-05-2017,11:53:59,314.8,314.85,314.7,314.8,9411,0
ICICIBANK.NSE,29-05-2017,11:54:59,314.8,314.85,314.7,314.7,16447,0
ICICIBANK.NSE,29-05-2017,11:55:59,314.75,314.9,314.65,314.85,22924,0
ICICIBANK.NSE,29-05-2017,11:56:59,314.9,315.15,314.8,315.1,31186,0
ICICIBANK.NSE,29-05-2017,11:57:59,315.2,315.2,315.05,315.1,16705,0
ICICIBANK.NSE,29-05-2017,11:58:59,315.15,315.6,315.1,315.5,35084,0
ICICIBANK.NSE,29-05-2017,11:59:59,315.5,315.6,315.4,315.4,12951,0
ICICIBANK.NSE,29-05-2017,12:00:59,315.35,315.55,315.35,315.55,13838,0
ICICIBANK.NSE,29-05-2017,12:01:59,315.5,315.65,315.45,315.6,37164,0
ICICIBANK.NSE,29-05-2017,12:02:59,315.75,315.9,315.65,315.65,14979,0
ICICIBANK.NSE,29-05-2017,12:03:59,315.7,315.7,315.65,315.7,9242,0
ICICIBANK.NSE,29-05-2017,12:04:59,315.7,315.75,315.6,315.75,12460,0
ICICIBANK.NSE,29-05-2017,12:05:59,315.75,315.75,315.6,315.65,11027,0
ICICIBANK.NSE,29-05-2017,12:06:59,315.65,315.65,315.5,315.55,18317,0
ICICIBANK.NSE,29-05-2017,12:07:59,315.55,315.75,315.5,315.75,29924,0
ICICIBANK.NSE,29-05-2017,12:08:59,315.7,315.75,315.65,315.75,15384,0
ICICIBANK.NSE,29-05-2017,12:09:59,315.75,315.8,315.65,315.75,14884,0
ICICIBANK.NSE,29-05-2017,12:10:59,315.75,316,315.75,316,24081,0
ICICIBANK.NSE,29-05-2017,12:11:59,316,317.1,315.9,317.1,73822,0
ICICIBANK.NSE,29-05-2017,12:12:59,317.2,318.3,317.05,317.8,140500,0
ICICIBANK.NSE,29-05-2017,12:13:59,317.75,318,317.5,317.8,37748,0
ICICIBANK.NSE,29-05-2017,12:14:59,317.8,317.9,317.7,317.75,18325,0
ICICIBANK.NSE,29-05-2017,12:15:59,317.75,318,317.75,318,32389,0
ICICIBANK.NSE,29-05-2017,12:16:59,317.9,318.25,317.9,318.2,129404,0
ICICIBANK.NSE,29-05-2017,12:17:59,318.2,318.35,317.75,317.8,30713,0
ICICIBANK.NSE,29-05-2017,12:18:59,317.75,317.85,317.6,317.85,17055,0
ICICIBANK.NSE,29-05-2017,12:19:59,317.85,318,317.8,317.8,19414,0
ICICIBANK.NSE,29-05-2017,12:20:59,317.8,317.95,317.45,317.95,47529,0
ICICIBANK.NSE,29-05-2017,12:21:59,317.9,317.9,317.45,317.45,18005,0
ICICIBANK.NSE,29-05-2017,12:22:59,317.45,317.5,317.3,317.35,15634,0
ICICIBANK.NSE,29-05-2017,12:23:59,317.35,317.65,317.35,317.55,21124,0
ICICIBANK.NSE,29-05-2017,12:24:59,317.55,317.65,317.5,317.6,13947,0
ICICIBANK.NSE,29-05-2017,12:25:59,317.6,317.65,317.55,317.55,12321,0
ICICIBANK.NSE,29-05-2017,12:26:59,317.55,317.6,317.45,317.55,18391,0
ICICIBANK.NSE,29-05-2017,12:27:59,317.6,317.6,317.35,317.4,11509,0
ICICIBANK.NSE,29-05-2017,12:28:59,317.4,317.6,317.3,317.45,41816,0
ICICIBANK.NSE,29-05-2017,12:29:59,317.45,317.5,317.45,317.5,16389,0
ICICIBANK.NSE,29-05-2017,12:30:59,317.5,317.5,317.35,317.4,15785,0
ICICIBANK.NSE,29-05-2017,12:31:59,317.3,317.35,317.25,317.3,10171,0
ICICIBANK.NSE,29-05-2017,12:32:59,317.25,317.4,317.2,317.4,34022,0
ICICIBANK.NSE,29-05-2017,12:33:59,317.4,317.4,317.05,317.05,19180,0
ICICIBANK.NSE,29-05-2017,12:34:59,317.05,317.15,317,317.15,24191,0
ICICIBANK.NSE,29-05-2017,12:35:59,317.15,317.3,317.15,317.3,23021,0
ICICIBANK.NSE,29-05-2017,12:36:59,317.3,317.3,317.05,317.1,18685,0
ICICIBANK.NSE,29-05-2017,12:37:59,317.1,317.3,317.1,317.15,10651,0
ICICIBANK.NSE,29-05-2017,12:38:59,317.15,317.2,316.8,316.8,15416,0
ICICIBANK.NSE,29-05-2017,12:39:59,316.8,316.9,316.55,316.55,14894,0
ICICIBANK.NSE,29-05-2017,12:40:59,316.5,316.75,316.5,316.6,25913,0
ICICIBANK.NSE,29-05-2017,12:41:59,316.55,316.65,316.5,316.55,31230,0
ICICIBANK.NSE,29-05-2017,12:42:59,316.65,316.75,316.55,316.55,29714,0
ICICIBANK.NSE,29-05-2017,12:43:59,316.55,316.65,316.3,316.55,18854,0
ICICIBANK.NSE,29-05-2017,12:44:59,316.55,316.6,316.4,316.5,12027,0
ICICIBANK.NSE,29-05-2017,12:45:59,316.5,316.55,316.35,316.5,9843,0
ICICIBANK.NSE,29-05-2017,12:46:59,316.5,316.5,316.3,316.35,13447,0
ICICIBANK.NSE,29-05-2017,12:47:59,316.35,316.4,316.3,316.3,13912,0
ICICIBANK.NSE,29-05-2017,12:48:59,316.3,316.3,315.9,315.9,20456,0
ICICIBANK.NSE,29-05-2017,12:49:59,315.9,315.9,315.55,315.7,28989,0
ICICIBANK.NSE,29-05-2017,12:50:59,315.65,315.7,315.55,315.55,30041,0
ICICIBANK.NSE,29-05-2017,12:51:59,315.55,315.75,315.55,315.75,23287,0
ICICIBANK.NSE,29-05-2017,12:52:59,315.75,315.75,315.7,315.7,12465,0
ICICIBANK.NSE,29-05-2017,12:53:59,315.75,315.8,315.75,315.8,16143,0
ICICIBANK.NSE,29-05-2017,12:54:59,315.8,315.8,315.75,315.8,9204,0
ICICIBANK.NSE,29-05-2017,12:55:59,315.8,315.9,315.8,315.85,9760,0
ICICIBANK.NSE,29-05-2017,12:56:59,315.9,316.1,315.85,316.1,12839,0
ICICIBANK.NSE,29-05-2017,12:57:59,316.1,316.1,316,316.1,20568,0
ICICIBANK.NSE,29-05-2017,12:58:59,316.1,316.2,316.05,316.2,15311,0
ICICIBANK.NSE,29-05-2017,12:59:59,316.2,316.2,315.95,316,27826,0
ICICIBANK.NSE,29-05-2017,13:00:59,316,316,315.9,315.95,11824,0
ICICIBANK.NSE,29-05-2017,13:01:59,315.95,316.05,315.95,315.95,16459,0
ICICIBANK.NSE,29-05-2017,13:02:59,316,316,315.75,315.85,17829,0
ICICIBANK.NSE,29-05-2017,13:03:59,315.85,315.95,315.85,315.9,5929,0
ICICIBANK.NSE,29-05-2017,13:04:59,315.95,315.95,315.9,315.9,8572,0
ICICIBANK.NSE,29-05-2017,13:05:59,315.85,315.95,315.7,315.7,26432,0
ICICIBANK.NSE,29-05-2017,13:06:59,315.65,315.7,315.55,315.7,34303,0
ICICIBANK.NSE,29-05-2017,13:07:59,315.7,315.75,315.65,315.65,11037,0
ICICIBANK.NSE,29-05-2017,13:08:59,315.7,315.7,315.55,315.6,13521,0
ICICIBANK.NSE,29-05-2017,13:09:59,315.65,315.7,315.6,315.7,6168,0
ICICIBANK.NSE,29-05-2017,13:10:59,315.65,315.65,315.5,315.55,9199,0
ICICIBANK.NSE,29-05-2017,13:11:59,315.5,315.65,315.5,315.6,14893,0
ICICIBANK.NSE,29-05-2017,13:12:59,315.65,315.65,315.6,315.6,9256,0
ICICIBANK.NSE,29-05-2017,13:13:59,315.6,315.7,315.6,315.65,12647,0
ICICIBANK.NSE,29-05-2017,13:14:59,315.65,315.7,315.65,315.65,6484,0
ICICIBANK.NSE,29-05-2017,13:15:59,315.7,315.7,315.65,315.7,11108,0
ICICIBANK.NSE,29-05-2017,13:16:59,315.7,315.7,315.55,315.55,14745,0
ICICIBANK.NSE,29-05-2017,13:17:59,315.55,315.65,315.55,315.55,9094,0
ICICIBANK.NSE,29-05-2017,13:18:59,315.55,315.65,315.55,315.65,7459,0
ICICIBANK.NSE,29-05-2017,13:19:59,315.65,315.65,315.6,315.65,8317,0
ICICIBANK.NSE,29-05-2017,13:20:59,315.65,315.65,315.6,315.6,6801,0
ICICIBANK.NSE,29-05-2017,13:21:59,315.65,315.65,315.45,315.5,44774,0
ICICIBANK.NSE,29-05-2017,13:22:59,315.5,315.55,315.45,315.5,9879,0
ICICIBANK.NSE,29-05-2017,13:23:59,315.5,315.55,315.45,315.45,9877,0
ICICIBANK.NSE,29-05-2017,13:24:59,315.5,315.55,315.45,315.5,9792,0
ICICIBANK.NSE,29-05-2017,13:25:59,315.5,315.55,315.5,315.55,9926,0
ICICIBANK.NSE,29-05-2017,13:26:59,315.55,315.6,315.55,315.55,12888,0
ICICIBANK.NSE,29-05-2017,13:27:59,315.6,315.65,315.6,315.6,15913,0
ICICIBANK.NSE,29-05-2017,13:28:59,315.65,315.65,315.55,315.55,10051,0
ICICIBANK.NSE,29-05-2017,13:29:59,315.6,315.75,315.55,315.55,23174,0
ICICIBANK.NSE,29-05-2017,13:30:59,315.55,315.65,315.55,315.6,9529,0
ICICIBANK.NSE,29-05-2017,13:31:59,315.6,315.7,315.6,315.65,9474,0
ICICIBANK.NSE,29-05-2017,13:32:59,315.7,315.8,315.65,315.75,23252,0
ICICIBANK.NSE,29-05-2017,13:33:59,315.75,315.8,315.75,315.75,7409,0
ICICIBANK.NSE,29-05-2017,13:34:59,315.8,315.9,315.75,315.9,27185,0
ICICIBANK.NSE,29-05-2017,13:35:59,315.9,316.35,315.9,316.2,18145,0
ICICIBANK.NSE,29-05-2017,13:36:59,316.2,316.35,316.2,316.35,9000,0
ICICIBANK.NSE,29-05-2017,13:37:59,316.35,316.35,316.1,316.1,15749,0
ICICIBANK.NSE,29-05-2017,13:38:59,316.1,316.2,316.05,316.05,4440,0
ICICIBANK.NSE,29-05-2017,13:39:59,316.05,316.4,316.05,316.35,19771,0
ICICIBANK.NSE,29-05-2017,13:40:59,316.35,316.4,316.1,316.1,7814,0
ICICIBANK.NSE,29-05-2017,13:41:59,316.1,316.25,316.05,316.05,12938,0
ICICIBANK.NSE,29-05-2017,13:42:59,316.1,317.25,316.05,317.2,57292,0
ICICIBANK.NSE,29-05-2017,13:43:59,317.2,317.2,316.95,316.95,11531,0
ICICIBANK.NSE,29-05-2017,13:44:59,317,317,316.9,317,7129,0
ICICIBANK.NSE,29-05-2017,13:45:59,316.95,317.1,316.9,317.1,13318,0
ICICIBANK.NSE,29-05-2017,13:46:59,317.05,317.4,317.05,317.3,26965,0
ICICIBANK.NSE,29-05-2017,13:47:59,317.3,317.35,317.2,317.2,8613,0
ICICIBANK.NSE,29-05-2017,13:48:59,317.25,317.3,317,317,11581,0
ICICIBANK.NSE,29-05-2017,13:49:59,317,317.15,317,317.15,12874,0
ICICIBANK.NSE,29-05-2017,13:50:59,317.05,317.15,317,317,8174,0
ICICIBANK.NSE,29-05-2017,13:51:59,317,317,316.85,316.95,7221,0
ICICIBANK.NSE,29-05-2017,13:52:59,316.9,316.95,316.85,316.85,7051,0
ICICIBANK.NSE,29-05-2017,13:53:59,316.85,316.95,316.8,316.9,11549,0
ICICIBANK.NSE,29-05-2017,13:54:59,316.9,316.95,316.85,316.85,8806,0
ICICIBANK.NSE,29-05-2017,13:55:59,316.9,316.9,316.8,316.85,10387,0
ICICIBANK.NSE,29-05-2017,13:56:59,316.85,316.85,316.6,316.6,13399,0
ICICIBANK.NSE,29-05-2017,13:57:59,316.6,316.7,316.6,316.65,13924,0
ICICIBANK.NSE,29-05-2017,13:58:59,316.65,316.7,316.5,316.65,18099,0
ICICIBANK.NSE,29-05-2017,13:59:59,316.6,316.75,316.6,316.7,13343,0
ICICIBANK.NSE,29-05-2017,14:00:59,316.75,316.75,316.65,316.7,23366,0
ICICIBANK.NSE,29-05-2017,14:01:59,316.65,316.7,316.6,316.65,11402,0
ICICIBANK.NSE,29-05-2017,14:02:59,316.7,317,316.65,316.95,60821,0
ICICIBANK.NSE,29-05-2017,14:03:59,316.95,317.05,316.9,317.05,21158,0
ICICIBANK.NSE,29-05-2017,14:04:59,317.05,317.3,317,317.25,23623,0
ICICIBANK.NSE,29-05-2017,14:05:59,317.25,317.35,317.15,317.2,18162,0
ICICIBANK.NSE,29-05-2017,14:06:59,317.15,317.2,317.1,317.15,9034,0
ICICIBANK.NSE,29-05-2017,14:07:59,317.15,317.55,317.15,317.55,29907,0
ICICIBANK.NSE,29-05-2017,14:08:59,317.55,317.6,317.45,317.45,18946,0
ICICIBANK.NSE,29-05-2017,14:09:59,317.45,317.5,317.3,317.45,13341,0
ICICIBANK.NSE,29-05-2017,14:10:59,317.45,317.5,317.2,317.3,15137,0
ICICIBANK.NSE,29-05-2017,14:11:59,317.2,317.55,317.2,317.55,22187,0
ICICIBANK.NSE,29-05-2017,14:12:59,317.55,317.6,317.4,317.4,12417,0
ICICIBANK.NSE,29-05-2017,14:13:59,317.45,317.5,317.4,317.45,9808,0
ICICIBANK.NSE,29-05-2017,14:14:59,317.4,317.45,317.4,317.4,9753,0
ICICIBANK.NSE,29-05-2017,14:15:59,317.4,317.45,317.2,317.25,10056,0
ICICIBANK.NSE,29-05-2017,14:16:59,317.1,317.3,317.05,317.1,10057,0
ICICIBANK.NSE,29-05-2017,14:17:59,317.05,317.1,316.85,316.95,17069,0
ICICIBANK.NSE,29-05-2017,14:18:59,316.95,317.1,316.95,316.95,9285,0
ICICIBANK.NSE,29-05-2017,14:19:59,316.95,317,316.7,316.8,10029,0
ICICIBANK.NSE,29-05-2017,14:20:59,316.8,316.95,316.8,316.95,16154,0
ICICIBANK.NSE,29-05-2017,14:21:59,316.9,316.95,316.85,316.85,9503,0
ICICIBANK.NSE,29-05-2017,14:22:59,316.85,316.9,316.75,316.75,8940,0
ICICIBANK.NSE,29-05-2017,14:23:59,316.75,316.9,316.75,316.85,17297,0
ICICIBANK.NSE,29-05-2017,14:24:59,316.85,316.9,316.6,316.7,31327,0
ICICIBANK.NSE,29-05-2017,14:25:59,316.6,316.65,316.25,316.3,19976,0
ICICIBANK.NSE,29-05-2017,14:26:59,316.3,316.35,315.85,316,47124,0
ICICIBANK.NSE,29-05-2017,14:27:59,316,316.1,315.85,316.1,24734,0
ICICIBANK.NSE,29-05-2017,14:28:59,316,316.1,315.85,315.85,15732,0
ICICIBANK.NSE,29-05-2017,14:29:59,315.85,316.05,315.75,316,29329,0
ICICIBANK.NSE,29-05-2017,14:30:59,316,316.25,315.95,316.2,30641,0
ICICIBANK.NSE,29-05-2017,14:31:59,316.15,316.25,316.1,316.1,13273,0
ICICIBANK.NSE,29-05-2017,14:32:59,316.1,316.2,316.1,316.1,9059,0
ICICIBANK.NSE,29-05-2017,14:33:59,316.2,316.2,315.95,315.95,13263,0
ICICIBANK.NSE,29-05-2017,14:34:59,316,316,315.85,315.95,9792,0
ICICIBANK.NSE,29-05-2017,14:35:59,315.9,316.1,315.9,316.1,27732,0
ICICIBANK.NSE,29-05-2017,14:36:59,316.05,316.25,316.05,316.2,13709,0
ICICIBANK.NSE,29-05-2017,14:37:59,316.1,316.15,315.85,315.85,16409,0
ICICIBANK.NSE,29-05-2017,14:38:59,315.85,316,315.85,315.95,13463,0
ICICIBANK.NSE,29-05-2017,14:39:59,315.9,316.15,315.7,315.75,18147,0
ICICIBANK.NSE,29-05-2017,14:40:59,315.8,315.95,315.7,315.75,20989,0
ICICIBANK.NSE,29-05-2017,14:41:59,315.75,315.9,315.7,315.85,12477,0
ICICIBANK.NSE,29-05-2017,14:42:59,315.8,315.95,315.6,315.75,24997,0
ICICIBANK.NSE,29-05-2017,14:43:59,315.75,316.1,315.75,316,22513,0
ICICIBANK.NSE,29-05-2017,14:44:59,316.1,316.1,315.8,315.85,9399,0
ICICIBANK.NSE,29-05-2017,14:45:59,315.85,315.95,315.65,315.7,18281,0
ICICIBANK.NSE,29-05-2017,14:46:59,315.7,315.8,315.65,315.7,22855,0
ICICIBANK.NSE,29-05-2017,14:47:59,315.7,315.8,315.55,315.6,19946,0
ICICIBANK.NSE,29-05-2017,14:48:59,315.6,315.75,315.5,315.6,28203,0
ICICIBANK.NSE,29-05-2017,14:49:59,315.7,315.7,315.3,315.35,41903,0
ICICIBANK.NSE,29-05-2017,14:50:59,315.35,315.55,315.3,315.55,36184,0
ICICIBANK.NSE,29-05-2017,14:51:59,315.55,315.6,315.4,315.5,43262,0
ICICIBANK.NSE,29-05-2017,14:52:59,315.5,315.6,315.35,315.5,48174,0
ICICIBANK.NSE,29-05-2017,14:53:59,315.45,315.5,315.35,315.45,53333,0
ICICIBANK.NSE,29-05-2017,14:54:59,315.45,315.5,315.4,315.45,35131,0
ICICIBANK.NSE,29-05-2017,14:55:59,315.45,315.5,315.3,315.35,43681,0
ICICIBANK.NSE,29-05-2017,14:56:59,315.4,315.5,315.4,315.45,25944,0
ICICIBANK.NSE,29-05-2017,14:57:59,315.5,315.5,315.45,315.45,22399,0
ICICIBANK.NSE,29-05-2017,14:58:59,315.5,315.5,315.4,315.45,10664,0
ICICIBANK.NSE,29-05-2017,14:59:59,315.45,315.5,315.45,315.5,30039,0
ICICIBANK.NSE,29-05-2017,15:00:59,315.5,315.5,315.25,315.3,30026,0
ICICIBANK.NSE,29-05-2017,15:01:59,315.3,315.3,315.15,315.15,18929,0
ICICIBANK.NSE,29-05-2017,15:02:59,315.2,315.2,314.9,314.9,47846,0
ICICIBANK.NSE,29-05-2017,15:03:59,314.85,314.95,314.55,314.8,40106,0
ICICIBANK.NSE,29-05-2017,15:04:59,314.75,314.8,314.6,314.7,28421,0
ICICIBANK.NSE,29-05-2017,15:05:59,314.7,314.75,314.55,314.55,29050,0
ICICIBANK.NSE,29-05-2017,15:06:59,314.55,314.6,314.05,314.05,38919,0
ICICIBANK.NSE,29-05-2017,15:07:59,314.15,314.3,314.15,314.15,49364,0
ICICIBANK.NSE,29-05-2017,15:08:59,314.25,314.4,314.15,314.25,68173,0
ICICIBANK.NSE,29-05-2017,15:09:59,314.35,314.5,314.25,314.3,53893,0
ICICIBANK.NSE,29-05-2017,15:10:59,314.25,314.5,314.2,314.45,56182,0
ICICIBANK.NSE,29-05-2017,15:11:59,314.35,314.45,314.05,314.1,50863,0
ICICIBANK.NSE,29-05-2017,15:12:59,314.15,314.15,313.8,313.95,58959,0
ICICIBANK.NSE,29-05-2017,15:13:59,313.95,314.3,313.95,314.3,37974,0
ICICIBANK.NSE,29-05-2017,15:14:59,314.2,314.5,314.15,314.5,57488,0
ICICIBANK.NSE,29-05-2017,15:15:59,314.45,315,314.35,314.8,98475,0
ICICIBANK.NSE,29-05-2017,15:16:59,314.7,315,314.7,315,44207,0
ICICIBANK.NSE,29-05-2017,15:17:59,315,315.4,314.9,315.35,48140,0
ICICIBANK.NSE,29-05-2017,15:18:59,315.35,315.7,315.3,315.6,49772,0
ICICIBANK.NSE,29-05-2017,15:19:59,315.7,315.95,315.6,315.85,61515,0
ICICIBANK.NSE,29-05-2017,15:20:59,315.85,316,315.45,315.6,71307,0
ICICIBANK.NSE,29-05-2017,15:21:59,315.5,315.85,315.5,315.65,75788,0
ICICIBANK.NSE,29-05-2017,15:22:59,315.65,315.8,315.35,315.4,74914,0
ICICIBANK.NSE,29-05-2017,15:23:59,315.4,315.7,315.25,315.4,62715,0
ICICIBANK.NSE,29-05-2017,15:24:59,315.35,315.4,315.25,315.35,34066,0
ICICIBANK.NSE,29-05-2017,15:25:59,315.3,315.4,315.05,315.15,36863,0
ICICIBANK.NSE,29-05-2017,15:26:59,315.2,315.2,314.65,314.8,161547,0
ICICIBANK.NSE,29-05-2017,15:27:59,314.8,315,314.8,315,70584,0
ICICIBANK.NSE,29-05-2017,15:28:59,315,315,314.3,314.3,108432,0
ICICIBANK.NSE,29-05-2017,15:29:59,314.5,315.55,314.3,314.95,75986,0
ICICIBANK.NSE,30-05-2017,09:15:59,314.85,315.7,314.45,315.3,66407,0
ICICIBANK.NSE,30-05-2017,09:16:59,315.3,315.55,315.1,315.25,60345,0
ICICIBANK.NSE,30-05-2017,09:17:59,315.25,315.25,314.6,315,60306,0
ICICIBANK.NSE,30-05-2017,09:18:59,315,315.3,315,315.25,48006,0
ICICIBANK.NSE,30-05-2017,09:19:59,315.25,316.4,315.15,316.3,43096,0
ICICIBANK.NSE,30-05-2017,09:20:59,316.3,316.5,316.2,316.35,60470,0
ICICIBANK.NSE,30-05-2017,09:21:59,316.35,316.35,316.05,316.2,42255,0
ICICIBANK.NSE,30-05-2017,09:22:59,316.1,316.45,316,316.45,40723,0
ICICIBANK.NSE,30-05-2017,09:23:59,316.5,316.9,316.3,316.9,26288,0
ICICIBANK.NSE,30-05-2017,09:24:59,316.85,316.9,316.65,316.9,23247,0
ICICIBANK.NSE,30-05-2017,09:25:59,316.95,317.3,316.8,317.3,71363,0
ICICIBANK.NSE,30-05-2017,09:26:59,317.25,317.5,317,317.1,33137,0
ICICIBANK.NSE,30-05-2017,09:27:59,317.1,317.5,316.85,317.25,83912,0
ICICIBANK.NSE,30-05-2017,09:28:59,317.4,317.5,317,317.45,91821,0
ICICIBANK.NSE,30-05-2017,09:29:59,317.7,318.9,317.6,318.9,124795,0
ICICIBANK.NSE,30-05-2017,09:30:59,318.9,319.2,318.55,318.6,217243,0
ICICIBANK.NSE,30-05-2017,09:31:59,318.7,319.9,318.7,319.9,137512,0
ICICIBANK.NSE,30-05-2017,09:32:59,319.9,320,319.6,320,128831,0
ICICIBANK.NSE,30-05-2017,09:33:59,320.15,321.45,320.05,321.35,202083,0
ICICIBANK.NSE,30-05-2017,09:34:59,321.2,322.95,321.2,322.35,478003,0
ICICIBANK.NSE,30-05-2017,09:35:59,322.2,322.3,322,322,202433,0
ICICIBANK.NSE,30-05-2017,09:36:59,322.25,324.45,322.25,323.55,456409,0
ICICIBANK.NSE,30-05-2017,09:37:59,323.6,323.8,323.2,323.45,187668,0
ICICIBANK.NSE,30-05-2017,09:38:59,323.4,323.45,322.05,322.25,107408,0
ICICIBANK.NSE,30-05-2017,09:39:59,322.2,322.5,321.5,322.45,114861,0
ICICIBANK.NSE,30-05-2017,09:40:59,322.5,323,322.45,322.9,62174,0
ICICIBANK.NSE,30-05-2017,09:41:59,322.9,322.9,322.45,322.65,39899,0
ICICIBANK.NSE,30-05-2017,09:42:59,322.7,322.75,322.1,322.15,54718,0
ICICIBANK.NSE,30-05-2017,09:43:59,322.05,322.35,321.95,322,109739,0
ICICIBANK.NSE,30-05-2017,09:44:59,322,322.1,321.85,322,47320,0
ICICIBANK.NSE,30-05-2017,09:45:59,321.95,322.05,321.6,321.65,43951,0
ICICIBANK.NSE,30-05-2017,09:46:59,321.6,321.8,321.5,321.75,52568,0
ICICIBANK.NSE,30-05-2017,09:47:59,321.8,322,321.6,321.6,34028,0
ICICIBANK.NSE,30-05-2017,09:48:59,321.55,321.6,321.15,321.3,88999,0
ICICIBANK.NSE,30-05-2017,09:49:59,321.35,321.35,321.1,321.3,53106,0
ICICIBANK.NSE,30-05-2017,09:50:59,321.25,321.7,321.2,321.7,34445,0
ICICIBANK.NSE,30-05-2017,09:51:59,321.4,321.65,321.15,321.65,36215,0
ICICIBANK.NSE,30-05-2017,09:52:59,321.65,321.65,321,321.3,71698,0
ICICIBANK.NSE,30-05-2017,09:53:59,321.2,321.55,321.2,321.45,26299,0
ICICIBANK.NSE,30-05-2017,09:54:59,321.4,321.75,321.35,321.65,51755,0
ICICIBANK.NSE,30-05-2017,09:55:59,321.65,321.9,321.65,321.65,51938,0
ICICIBANK.NSE,30-05-2017,09:56:59,321.7,321.75,321.55,321.55,19649,0
ICICIBANK.NSE,30-05-2017,09:57:59,321.55,321.65,321.3,321.45,39812,0
ICICIBANK.NSE,30-05-2017,09:58:59,321.4,321.95,321.4,321.9,40257,0
ICICIBANK.NSE,30-05-2017,09:59:59,321.85,322.1,321.75,322.1,50391,0
ICICIBANK.NSE,30-05-2017,10:00:59,322.2,322.8,322.2,322.55,62581,0
ICICIBANK.NSE,30-05-2017,10:01:59,322.55,323.45,322.4,323.35,76363,0
ICICIBANK.NSE,30-05-2017,10:02:59,323.35,323.5,322.85,323.45,68293,0
ICICIBANK.NSE,30-05-2017,10:03:59,323.45,323.45,322.75,322.75,30600,0
ICICIBANK.NSE,30-05-2017,10:04:59,322.9,323.15,322.65,323,39406,0
ICICIBANK.NSE,30-05-2017,10:05:59,322.95,324.5,322.9,324.35,228021,0
ICICIBANK.NSE,30-05-2017,10:06:59,324.2,324.35,324,324,49336,0
ICICIBANK.NSE,30-05-2017,10:07:59,323.85,324,323.75,323.75,42803,0
ICICIBANK.NSE,30-05-2017,10:08:59,323.8,324.15,323.75,323.95,48938,0
ICICIBANK.NSE,30-05-2017,10:09:59,324,324.05,323.6,323.6,55924,0
ICICIBANK.NSE,30-05-2017,10:10:59,323.6,323.9,323.4,323.4,42209,0
ICICIBANK.NSE,30-05-2017,10:11:59,323.3,323.4,323.1,323.25,29171,0
ICICIBANK.NSE,30-05-2017,10:12:59,323.3,323.4,323.1,323.1,43063,0
ICICIBANK.NSE,30-05-2017,10:13:59,323.15,323.2,323,323.05,30013,0
ICICIBANK.NSE,30-05-2017,10:14:59,323.05,323.1,322.9,322.95,27460,0
ICICIBANK.NSE,30-05-2017,10:15:59,322.9,323.2,322.85,323,29698,0
ICICIBANK.NSE,30-05-2017,10:16:59,323,323.65,322.95,323.65,37250,0
ICICIBANK.NSE,30-05-2017,10:17:59,323.5,323.65,322.8,322.85,45540,0
ICICIBANK.NSE,30-05-2017,10:18:59,323,323,321.7,322,114505,0
ICICIBANK.NSE,30-05-2017,10:19:59,321.95,322.15,321.55,321.65,50623,0
ICICIBANK.NSE,30-05-2017,10:20:59,321.65,321.85,321.5,321.5,50989,0
ICICIBANK.NSE,30-05-2017,10:21:59,321.7,322.35,321.5,322.3,47800,0
ICICIBANK.NSE,30-05-2017,10:22:59,322.3,322.4,321.9,322.25,45069,0
ICICIBANK.NSE,30-05-2017,10:23:59,322.15,322.15,321.55,321.65,56654,0
ICICIBANK.NSE,30-05-2017,10:24:59,321.5,322,321.5,321.75,36488,0
ICICIBANK.NSE,30-05-2017,10:25:59,321.7,322,321.6,321.9,17817,0
ICICIBANK.NSE,30-05-2017,10:26:59,321.9,321.9,321.55,321.8,26115,0
ICICIBANK.NSE,30-05-2017,10:27:59,321.7,322.05,321.6,321.95,33061,0
ICICIBANK.NSE,30-05-2017,10:28:59,322.25,322.25,321.95,322.05,25408,0
ICICIBANK.NSE,30-05-2017,10:29:59,322.2,322.2,322,322,24820,0
ICICIBANK.NSE,30-05-2017,10:30:59,322,322.15,321.95,322.05,18495,0
ICICIBANK.NSE,30-05-2017,10:31:59,322,322.05,321.95,322.05,21261,0
ICICIBANK.NSE,30-05-2017,10:32:59,322.05,322.05,321.9,322,16325,0
ICICIBANK.NSE,30-05-2017,10:33:59,322,322,321.85,321.9,15554,0
ICICIBANK.NSE,30-05-2017,10:34:59,321.85,321.9,321.55,321.55,31074,0
ICICIBANK.NSE,30-05-2017,10:35:59,321.65,321.65,321.3,321.35,54133,0
ICICIBANK.NSE,30-05-2017,10:36:59,321.35,321.6,321.2,321.45,55308,0
ICICIBANK.NSE,30-05-2017,10:37:59,321.45,321.55,321.3,321.4,14523,0
ICICIBANK.NSE,30-05-2017,10:38:59,321.4,321.9,321.35,321.45,31589,0
ICICIBANK.NSE,30-05-2017,10:39:59,321.45,321.7,321.45,321.5,30580,0
ICICIBANK.NSE,30-05-2017,10:40:59,321.5,321.65,321.3,321.65,51977,0
ICICIBANK.NSE,30-05-2017,10:41:59,321.65,321.65,321.1,321.2,39195,0
ICICIBANK.NSE,30-05-2017,10:42:59,321.3,321.45,321.25,321.25,15262,0
ICICIBANK.NSE,30-05-2017,10:43:59,321.3,321.3,321.2,321.3,26711,0
ICICIBANK.NSE,30-05-2017,10:44:59,321.3,321.3,321.1,321.15,18108,0
ICICIBANK.NSE,30-05-2017,10:45:59,321.2,321.6,321.15,321.4,29034,0
ICICIBANK.NSE,30-05-2017,10:46:59,321.4,321.45,321.25,321.25,12327,0
ICICIBANK.NSE,30-05-2017,10:47:59,321.25,321.5,321.25,321.45,14369,0
ICICIBANK.NSE,30-05-2017,10:48:59,321.45,321.65,321.4,321.6,20805,0
ICICIBANK.NSE,30-05-2017,10:49:59,321.6,321.85,321.55,321.75,19822,0
ICICIBANK.NSE,30-05-2017,10:50:59,321.75,321.9,321.75,321.85,15969,0
ICICIBANK.NSE,30-05-2017,10:51:59,321.85,321.85,321.55,321.7,37777,0
ICICIBANK.NSE,30-05-2017,10:52:59,321.7,321.8,321.65,321.7,12093,0
ICICIBANK.NSE,30-05-2017,10:53:59,321.7,321.75,321.5,321.7,16124,0
ICICIBANK.NSE,30-05-2017,10:54:59,321.7,321.8,321.65,321.7,14377,0
ICICIBANK.NSE,30-05-2017,10:55:59,321.7,321.85,321.6,321.65,24849,0
ICICIBANK.NSE,30-05-2017,10:56:59,321.65,321.8,321.65,321.65,14408,0
ICICIBANK.NSE,30-05-2017,10:57:59,321.65,321.85,321.65,321.7,9499,0
ICICIBANK.NSE,30-05-2017,10:58:59,321.7,321.9,321.65,321.9,16781,0
ICICIBANK.NSE,30-05-2017,10:59:59,321.9,321.95,321.8,321.8,9123,0
ICICIBANK.NSE,30-05-2017,11:00:59,321.8,321.9,321.75,321.75,27598,0
ICICIBANK.NSE,30-05-2017,11:01:59,321.75,321.95,321.55,321.6,34533,0
ICICIBANK.NSE,30-05-2017,11:02:59,321.55,321.7,321.5,321.6,14472,0
ICICIBANK.NSE,30-05-2017,11:03:59,321.55,321.7,321.5,321.55,16482,0
ICICIBANK.NSE,30-05-2017,11:04:59,321.55,321.6,321.5,321.55,14613,0
ICICIBANK.NSE,30-05-2017,11:05:59,321.5,321.5,321.25,321.35,26914,0
ICICIBANK.NSE,30-05-2017,11:06:59,321.4,321.45,321.25,321.45,15708,0
ICICIBANK.NSE,30-05-2017,11:07:59,321.45,321.7,321.4,321.7,11853,0
ICICIBANK.NSE,30-05-2017,11:08:59,321.55,321.7,321.45,321.6,16022,0
ICICIBANK.NSE,30-05-2017,11:09:59,321.65,321.85,321.6,321.85,7415,0
ICICIBANK.NSE,30-05-2017,11:10:59,321.85,322,321.85,321.9,19812,0
ICICIBANK.NSE,30-05-2017,11:11:59,321.95,322,321.85,321.9,14345,0
ICICIBANK.NSE,30-05-2017,11:12:59,321.85,321.95,321.7,321.7,20718,0
ICICIBANK.NSE,30-05-2017,11:13:59,321.7,321.95,321.55,321.8,19671,0
ICICIBANK.NSE,30-05-2017,11:14:59,321.8,321.95,321.75,321.85,17517,0
ICICIBANK.NSE,30-05-2017,11:15:59,321.9,321.9,321.8,321.8,10636,0
ICICIBANK.NSE,30-05-2017,11:16:59,321.8,321.85,321.65,321.75,22907,0
ICICIBANK.NSE,30-05-2017,11:17:59,321.85,321.95,321.75,321.8,28348,0
ICICIBANK.NSE,30-05-2017,11:18:59,321.8,321.85,321.4,321.4,40774,0
ICICIBANK.NSE,30-05-2017,11:19:59,321.45,321.6,321.4,321.45,15070,0
ICICIBANK.NSE,30-05-2017,11:20:59,321.4,321.7,321.25,321.5,39265,0
ICICIBANK.NSE,30-05-2017,11:21:59,321.5,321.75,321.4,321.4,18206,0
ICICIBANK.NSE,30-05-2017,11:22:59,321.4,321.5,321.2,321.2,38298,0
ICICIBANK.NSE,30-05-2017,11:23:59,321.25,321.35,321.1,321.25,13368,0
ICICIBANK.NSE,30-05-2017,11:24:59,321.2,321.45,321.2,321.4,10415,0
ICICIBANK.NSE,30-05-2017,11:25:59,321.3,321.4,321.25,321.35,11382,0
ICICIBANK.NSE,30-05-2017,11:26:59,321.3,321.5,321.25,321.5,21817,0
ICICIBANK.NSE,30-05-2017,11:27:59,321.45,321.7,321.3,321.3,20679,0
ICICIBANK.NSE,30-05-2017,11:28:59,321.3,321.35,321.25,321.35,10315,0
ICICIBANK.NSE,30-05-2017,11:29:59,321.35,321.55,321.35,321.55,10411,0
ICICIBANK.NSE,30-05-2017,11:30:59,321.7,321.85,321.6,321.7,29515,0
ICICIBANK.NSE,30-05-2017,11:31:59,321.7,321.95,321.65,321.85,25344,0
ICICIBANK.NSE,30-05-2017,11:32:59,321.85,321.85,321.6,321.75,12782,0
ICICIBANK.NSE,30-05-2017,11:33:59,321.8,321.95,321.75,321.9,10770,0
ICICIBANK.NSE,30-05-2017,11:34:59,321.9,322.1,321.8,322,66698,0
ICICIBANK.NSE,30-05-2017,11:35:59,322,322.4,321.95,322.3,55195,0
ICICIBANK.NSE,30-05-2017,11:36:59,322.3,322.6,322.3,322.5,68158,0
ICICIBANK.NSE,30-05-2017,11:37:59,322.5,322.55,322.45,322.5,41160,0
ICICIBANK.NSE,30-05-2017,11:38:59,322.55,322.55,322.05,322.2,117774,0
ICICIBANK.NSE,30-05-2017,11:39:59,322.2,322.5,322.15,322.25,93309,0
ICICIBANK.NSE,30-05-2017,11:40:59,322.25,322.45,322.25,322.4,20580,0
ICICIBANK.NSE,30-05-2017,11:41:59,322.45,322.75,322.4,322.75,46721,0
ICICIBANK.NSE,30-05-2017,11:42:59,322.75,322.85,322.5,322.55,98671,0
ICICIBANK.NSE,30-05-2017,11:43:59,322.55,322.75,322.45,322.65,52003,0
ICICIBANK.NSE,30-05-2017,11:44:59,322.6,322.75,322.55,322.55,49446,0
ICICIBANK.NSE,30-05-2017,11:45:59,322.6,322.65,322.3,322.5,37226,0
ICICIBANK.NSE,30-05-2017,11:46:59,322.5,322.55,322.45,322.45,30614,0
ICICIBANK.NSE,30-05-2017,11:47:59,322.5,322.55,322,322.15,56473,0
ICICIBANK.NSE,30-05-2017,11:48:59,322.15,322.15,322.05,322.05,11534,0
ICICIBANK.NSE,30-05-2017,11:49:59,322.05,322.15,322.05,322.05,13350,0
ICICIBANK.NSE,30-05-2017,11:50:59,322.05,322.1,322,322,13689,0
ICICIBANK.NSE,30-05-2017,11:51:59,322,322.1,321.95,322.05,13644,0
ICICIBANK.NSE,30-05-2017,11:52:59,322.05,322.05,321.95,321.95,12935,0
ICICIBANK.NSE,30-05-2017,11:53:59,322,322,321.75,321.8,19099,0
ICICIBANK.NSE,30-05-2017,11:54:59,321.8,322.2,321.8,322,11763,0
ICICIBANK.NSE,30-05-2017,11:55:59,322.1,322.45,322,322.3,29919,0
ICICIBANK.NSE,30-05-2017,11:56:59,322.3,322.45,322.1,322.15,38050,0
ICICIBANK.NSE,30-05-2017,11:57:59,322.15,322.3,322.15,322.15,18250,0
ICICIBANK.NSE,30-05-2017,11:58:59,322.15,322.4,322.15,322.3,13130,0
ICICIBANK.NSE,30-05-2017,11:59:59,322.3,322.35,322.15,322.2,10995,0
ICICIBANK.NSE,30-05-2017,12:00:59,322.2,322.35,322.2,322.25,9407,0
ICICIBANK.NSE,30-05-2017,12:01:59,322.3,322.35,322.2,322.35,15897,0
ICICIBANK.NSE,30-05-2017,12:02:59,322.25,322.45,322.25,322.25,12240,0
ICICIBANK.NSE,30-05-2017,12:03:59,322.25,322.35,322.1,322.15,13660,0
ICICIBANK.NSE,30-05-2017,12:04:59,322.15,322.2,321.95,321.95,19780,0
ICICIBANK.NSE,30-05-2017,12:05:59,321.9,322.05,321.75,322.05,20227,0
ICICIBANK.NSE,30-05-2017,12:06:59,322,322.1,321.7,321.85,33067,0
ICICIBANK.NSE,30-05-2017,12:07:59,321.85,321.9,321.75,321.75,10766,0
ICICIBANK.NSE,30-05-2017,12:08:59,321.75,321.9,321.7,321.8,15904,0
ICICIBANK.NSE,30-05-2017,12:09:59,321.8,321.9,321.75,321.8,13040,0
ICICIBANK.NSE,30-05-2017,12:10:59,321.8,321.95,321.75,321.9,9816,0
ICICIBANK.NSE,30-05-2017,12:11:59,321.85,321.9,321.8,321.85,9218,0
ICICIBANK.NSE,30-05-2017,12:12:59,322,322,321.85,321.9,25526,0
ICICIBANK.NSE,30-05-2017,12:13:59,321.9,321.95,321.85,321.85,21404,0
ICICIBANK.NSE,30-05-2017,12:14:59,321.9,322,321.85,321.9,30680,0
ICICIBANK.NSE,30-05-2017,12:15:59,321.9,321.95,321.85,321.85,19762,0
ICICIBANK.NSE,30-05-2017,12:16:59,321.85,321.85,321.75,321.75,18221,0
ICICIBANK.NSE,30-05-2017,12:17:59,321.75,321.8,321.4,321.4,35743,0
ICICIBANK.NSE,30-05-2017,12:18:59,321.4,321.55,321.3,321.3,37723,0
ICICIBANK.NSE,30-05-2017,12:19:59,321.3,321.35,321.2,321.25,25463,0
ICICIBANK.NSE,30-05-2017,12:20:59,321.2,321.45,321.2,321.25,30067,0
ICICIBANK.NSE,30-05-2017,12:21:59,321.25,321.35,320.9,320.9,79528,0
ICICIBANK.NSE,30-05-2017,12:22:59,320.9,321.25,320.85,320.85,32692,0
ICICIBANK.NSE,30-05-2017,12:23:59,320.9,321.1,320.85,320.85,25538,0
ICICIBANK.NSE,30-05-2017,12:24:59,320.85,321,320.6,320.65,30902,0
ICICIBANK.NSE,30-05-2017,12:25:59,320.7,320.7,320.55,320.65,12231,0
ICICIBANK.NSE,30-05-2017,12:26:59,320.65,321,320.65,321,9983,0
ICICIBANK.NSE,30-05-2017,12:27:59,321,321,320.9,320.9,12322,0
ICICIBANK.NSE,30-05-2017,12:28:59,320.9,320.9,320.75,320.8,12023,0
ICICIBANK.NSE,30-05-2017,12:29:59,320.95,321,320.8,320.85,10501,0
ICICIBANK.NSE,30-05-2017,12:30:59,320.9,320.95,320.75,320.75,12256,0
ICICIBANK.NSE,30-05-2017,12:31:59,320.75,320.95,320.75,320.9,9084,0
ICICIBANK.NSE,30-05-2017,12:32:59,320.9,320.95,320.9,320.9,7156,0
ICICIBANK.NSE,30-05-2017,12:33:59,320.95,321,320.9,320.95,8058,0
ICICIBANK.NSE,30-05-2017,12:34:59,320.95,321,320.9,320.9,10719,0
ICICIBANK.NSE,30-05-2017,12:35:59,320.9,321,320.85,320.9,13810,0
ICICIBANK.NSE,30-05-2017,12:36:59,320.9,320.95,320.7,320.7,15783,0
ICICIBANK.NSE,30-05-2017,12:37:59,320.7,320.8,320.6,320.7,17309,0
ICICIBANK.NSE,30-05-2017,12:38:59,320.65,320.85,320.6,320.85,13989,0
ICICIBANK.NSE,30-05-2017,12:39:59,320.85,320.95,320.75,320.85,9110,0
ICICIBANK.NSE,30-05-2017,12:40:59,320.85,320.85,320.55,320.85,25808,0
ICICIBANK.NSE,30-05-2017,12:41:59,320.85,320.85,320.6,320.75,6645,0
ICICIBANK.NSE,30-05-2017,12:42:59,320.7,320.85,320.6,320.85,10334,0
ICICIBANK.NSE,30-05-2017,12:43:59,320.85,320.95,320.6,320.6,16898,0
ICICIBANK.NSE,30-05-2017,12:44:59,320.8,320.9,320.6,320.7,12759,0
ICICIBANK.NSE,30-05-2017,12:45:59,320.8,320.85,320.65,320.75,6489,0
ICICIBANK.NSE,30-05-2017,12:46:59,320.85,320.85,320.7,320.75,7388,0
ICICIBANK.NSE,30-05-2017,12:47:59,320.75,321,320.75,320.8,13494,0
ICICIBANK.NSE,30-05-2017,12:48:59,320.8,321,320.75,320.75,11509,0
ICICIBANK.NSE,30-05-2017,12:49:59,320.75,320.95,320.75,320.9,8254,0
ICICIBANK.NSE,30-05-2017,12:50:59,320.9,321,320.75,320.75,9159,0
ICICIBANK.NSE,30-05-2017,12:51:59,320.8,321,320.45,320.45,39185,0
ICICIBANK.NSE,30-05-2017,12:52:59,320.65,320.85,320.5,320.65,18594,0
ICICIBANK.NSE,30-05-2017,12:53:59,320.7,320.8,320.55,320.6,25148,0
ICICIBANK.NSE,30-05-2017,12:54:59,320.6,320.8,320.5,320.55,9432,0
ICICIBANK.NSE,30-05-2017,12:55:59,320.55,320.75,320.55,320.75,8097,0
ICICIBANK.NSE,30-05-2017,12:56:59,320.75,320.85,320.65,320.75,15376,0
ICICIBANK.NSE,30-05-2017,12:57:59,320.65,320.75,320.55,320.55,19623,0
ICICIBANK.NSE,30-05-2017,12:58:59,320.5,320.7,320.5,320.7,9473,0
ICICIBANK.NSE,30-05-2017,12:59:59,320.65,320.9,320.55,320.7,10905,0
ICICIBANK.NSE,30-05-2017,13:00:59,320.7,321.5,320.7,321.5,30093,0
ICICIBANK.NSE,30-05-2017,13:01:59,321.5,321.8,321.3,321.5,33275,0
ICICIBANK.NSE,30-05-2017,13:02:59,321.5,321.65,321.3,321.4,13348,0
ICICIBANK.NSE,30-05-2017,13:03:59,321.5,321.65,321.3,321.4,10937,0
ICICIBANK.NSE,30-05-2017,13:04:59,321.4,321.5,321.2,321.2,10183,0
ICICIBANK.NSE,30-05-2017,13:05:59,321.2,321.4,321.2,321.25,9086,0
ICICIBANK.NSE,30-05-2017,13:06:59,321.25,321.45,321.25,321.3,11155,0
ICICIBANK.NSE,30-05-2017,13:07:59,321.3,321.4,321.25,321.3,9102,0
ICICIBANK.NSE,30-05-2017,13:08:59,321.3,321.55,321.25,321.4,12785,0
ICICIBANK.NSE,30-05-2017,13:09:59,321.4,321.4,321.1,321.15,11034,0
ICICIBANK.NSE,30-05-2017,13:10:59,321.1,321.5,321.1,321.3,8060,0
ICICIBANK.NSE,30-05-2017,13:11:59,321.25,321.4,321.25,321.3,7670,0
ICICIBANK.NSE,30-05-2017,13:12:59,321.35,321.35,321.25,321.25,6779,0
ICICIBANK.NSE,30-05-2017,13:13:59,321.25,321.45,321.2,321.35,24262,0
ICICIBANK.NSE,30-05-2017,13:14:59,321.3,321.35,320.85,320.9,65112,0
ICICIBANK.NSE,30-05-2017,13:15:59,320.9,321.15,320.75,321.1,35036,0
ICICIBANK.NSE,30-05-2017,13:16:59,321.1,321.1,320.8,320.95,19419,0
ICICIBANK.NSE,30-05-2017,13:17:59,320.8,320.85,320.7,320.75,26138,0
ICICIBANK.NSE,30-05-2017,13:18:59,320.75,320.75,320.55,320.55,29565,0
ICICIBANK.NSE,30-05-2017,13:19:59,320.55,320.7,320.55,320.6,18735,0
ICICIBANK.NSE,30-05-2017,13:20:59,320.6,320.75,320.5,320.65,36075,0
ICICIBANK.NSE,30-05-2017,13:21:59,320.65,320.95,320.65,320.9,20526,0
ICICIBANK.NSE,30-05-2017,13:22:59,320.9,320.95,320.6,320.7,23487,0
ICICIBANK.NSE,30-05-2017,13:23:59,320.7,320.75,320.45,320.5,45526,0
ICICIBANK.NSE,30-05-2017,13:24:59,320.5,320.6,320.45,320.45,17148,0
ICICIBANK.NSE,30-05-2017,13:25:59,320.5,320.8,320.45,320.75,22866,0
ICICIBANK.NSE,30-05-2017,13:26:59,320.8,320.8,320.45,320.5,21413,0
ICICIBANK.NSE,30-05-2017,13:27:59,320.5,320.8,320.5,320.55,25408,0
ICICIBANK.NSE,30-05-2017,13:28:59,320.55,320.7,320.45,320.55,14775,0
ICICIBANK.NSE,30-05-2017,13:29:59,320.55,320.75,320.4,320.7,28918,0
ICICIBANK.NSE,30-05-2017,13:30:59,320.4,320.55,320.4,320.45,12247,0
ICICIBANK.NSE,30-05-2017,13:31:59,320.45,320.5,320.4,320.5,13688,0
ICICIBANK.NSE,30-05-2017,13:32:59,320.5,320.6,320.4,320.45,16206,0
ICICIBANK.NSE,30-05-2017,13:33:59,320.45,320.6,320.3,320.4,18699,0
ICICIBANK.NSE,30-05-2017,13:34:59,320.45,320.8,320.4,320.55,19450,0
ICICIBANK.NSE,30-05-2017,13:35:59,320.55,320.7,320.4,320.55,22666,0
ICICIBANK.NSE,30-05-2017,13:36:59,320.55,320.65,320.45,320.45,18789,0
ICICIBANK.NSE,30-05-2017,13:37:59,320.5,320.65,320.45,320.45,15013,0
ICICIBANK.NSE,30-05-2017,13:38:59,320.5,320.5,320.4,320.45,16906,0
ICICIBANK.NSE,30-05-2017,13:39:59,320.4,320.45,320.05,320.1,37607,0
ICICIBANK.NSE,30-05-2017,13:40:59,320.15,320.4,320,320.4,59261,0
ICICIBANK.NSE,30-05-2017,13:41:59,320.4,320.5,320.25,320.3,17121,0
ICICIBANK.NSE,30-05-2017,13:42:59,320.45,320.45,320.3,320.45,14434,0
ICICIBANK.NSE,30-05-2017,13:43:59,320.45,320.55,320.4,320.5,19481,0
ICICIBANK.NSE,30-05-2017,13:44:59,320.55,320.55,320.4,320.4,13681,0
ICICIBANK.NSE,30-05-2017,13:45:59,320.45,320.5,320.35,320.35,18786,0
ICICIBANK.NSE,30-05-2017,13:46:59,320.35,320.5,320.3,320.45,15160,0
ICICIBANK.NSE,30-05-2017,13:47:59,320.4,320.5,320.3,320.3,14874,0
ICICIBANK.NSE,30-05-2017,13:48:59,320.3,320.4,320,320,30801,0
ICICIBANK.NSE,30-05-2017,13:49:59,320,320.1,320,320.1,31094,0
ICICIBANK.NSE,30-05-2017,13:50:59,320.1,320.35,320.1,320.15,20827,0
ICICIBANK.NSE,30-05-2017,13:51:59,320.2,320.4,320.1,320.3,21063,0
ICICIBANK.NSE,30-05-2017,13:52:59,320.3,320.5,320.3,320.4,18407,0
ICICIBANK.NSE,30-05-2017,13:53:59,320.5,320.5,320.25,320.3,14782,0
ICICIBANK.NSE,30-05-2017,13:54:59,320.3,320.5,320.3,320.35,17349,0
ICICIBANK.NSE,30-05-2017,13:55:59,320.35,320.6,320.35,320.4,18561,0
ICICIBANK.NSE,30-05-2017,13:56:59,320.45,320.7,320.4,320.4,28394,0
ICICIBANK.NSE,30-05-2017,13:57:59,320.4,320.65,320.4,320.45,20958,0
ICICIBANK.NSE,30-05-2017,13:58:59,320.5,320.6,320.45,320.5,23788,0
ICICIBANK.NSE,30-05-2017,13:59:59,320.5,320.75,319.85,319.9,103600,0
ICICIBANK.NSE,30-05-2017,14:00:59,319.9,320.15,319.9,320.1,26371,0
ICICIBANK.NSE,30-05-2017,14:01:59,320.05,320.25,320,320,30768,0
ICICIBANK.NSE,30-05-2017,14:02:59,320,320.05,320,320,33459,0
ICICIBANK.NSE,30-05-2017,14:03:59,320.05,320.1,319.95,319.95,19410,0
ICICIBANK.NSE,30-05-2017,14:04:59,320,320,319.75,319.8,35163,0
ICICIBANK.NSE,30-05-2017,14:05:59,319.8,320,319.75,319.85,15244,0
ICICIBANK.NSE,30-05-2017,14:06:59,319.85,320,319.85,319.95,21043,0
ICICIBANK.NSE,30-05-2017,14:07:59,319.95,320.15,319.95,320.1,25624,0
ICICIBANK.NSE,30-05-2017,14:08:59,320.05,320.3,320.05,320.1,13151,0
ICICIBANK.NSE,30-05-2017,14:09:59,320.1,320.4,320.1,320.3,20405,0
ICICIBANK.NSE,30-05-2017,14:10:59,320.25,320.4,320.25,320.3,16189,0
ICICIBANK.NSE,30-05-2017,14:11:59,320.3,320.45,320.25,320.3,22034,0
ICICIBANK.NSE,30-05-2017,14:12:59,320.3,320.65,320.25,320.5,26924,0
ICICIBANK.NSE,30-05-2017,14:13:59,320.5,320.7,320.4,320.6,16317,0
ICICIBANK.NSE,30-05-2017,14:14:59,320.6,320.95,320.5,320.75,21121,0
ICICIBANK.NSE,30-05-2017,14:15:59,320.8,321.45,320.75,321.15,59391,0
ICICIBANK.NSE,30-05-2017,14:16:59,321.15,321.25,321.05,321.1,16733,0
ICICIBANK.NSE,30-05-2017,14:17:59,321.1,321.1,320.7,321,16752,0
ICICIBANK.NSE,30-05-2017,14:18:59,321,321.3,320.95,321.15,35408,0
ICICIBANK.NSE,30-05-2017,14:19:59,321.4,321.4,321.2,321.35,45515,0
ICICIBANK.NSE,30-05-2017,14:20:59,321.35,321.45,321.3,321.3,17540,0
ICICIBANK.NSE,30-05-2017,14:21:59,321.3,321.45,321.3,321.3,21121,0
ICICIBANK.NSE,30-05-2017,14:22:59,321.35,321.6,321.3,321.5,36671,0
ICICIBANK.NSE,30-05-2017,14:23:59,321.45,321.7,321.4,321.6,21224,0
ICICIBANK.NSE,30-05-2017,14:24:59,321.65,322,321.6,321.85,32798,0
ICICIBANK.NSE,30-05-2017,14:25:59,321.85,322,321.85,321.9,88022,0
ICICIBANK.NSE,30-05-2017,14:26:59,321.9,321.95,321.8,321.85,24591,0
ICICIBANK.NSE,30-05-2017,14:27:59,321.85,321.95,321.4,321.4,73524,0
ICICIBANK.NSE,30-05-2017,14:28:59,321.45,321.9,321.45,321.55,43328,0
ICICIBANK.NSE,30-05-2017,14:29:59,321.55,321.7,321.45,321.65,16196,0
ICICIBANK.NSE,30-05-2017,14:30:59,321.6,321.75,321.5,321.55,46551,0
ICICIBANK.NSE,30-05-2017,14:31:59,321.55,321.75,321.5,321.75,36992,0
ICICIBANK.NSE,30-05-2017,14:32:59,321.6,321.75,321.55,321.7,29339,0
ICICIBANK.NSE,30-05-2017,14:33:59,321.7,321.75,321.6,321.6,16944,0
ICICIBANK.NSE,30-05-2017,14:34:59,321.55,321.85,321.55,321.6,19190,0
ICICIBANK.NSE,30-05-2017,14:35:59,321.7,321.9,321.7,321.8,15731,0
ICICIBANK.NSE,30-05-2017,14:36:59,321.75,322,321.75,322,38867,0
ICICIBANK.NSE,30-05-2017,14:37:59,322,322.3,321.7,321.9,55639,0
ICICIBANK.NSE,30-05-2017,14:38:59,321.9,322,321.7,321.9,29104,0
ICICIBANK.NSE,30-05-2017,14:39:59,322,322,321.7,321.75,29304,0
ICICIBANK.NSE,30-05-2017,14:40:59,321.75,322,321.75,321.8,23054,0
ICICIBANK.NSE,30-05-2017,14:41:59,321.8,321.95,321.65,321.65,32875,0
ICICIBANK.NSE,30-05-2017,14:42:59,321.8,321.95,321.6,321.65,29982,0
ICICIBANK.NSE,30-05-2017,14:43:59,321.75,321.9,321.65,321.75,24592,0
ICICIBANK.NSE,30-05-2017,14:44:59,321.7,321.95,321.6,321.7,29504,0
ICICIBANK.NSE,30-05-2017,14:45:59,321.7,321.95,321.6,321.65,32405,0
ICICIBANK.NSE,30-05-2017,14:46:59,321.7,321.9,321.65,321.75,23372,0
ICICIBANK.NSE,30-05-2017,14:47:59,321.7,321.9,321.55,321.75,25711,0
ICICIBANK.NSE,30-05-2017,14:48:59,321.85,321.9,321.7,321.9,18725,0
ICICIBANK.NSE,30-05-2017,14:49:59,321.85,321.9,321.7,321.75,19202,0
ICICIBANK.NSE,30-05-2017,14:50:59,321.8,321.9,321.7,321.7,22995,0
ICICIBANK.NSE,30-05-2017,14:51:59,321.7,321.85,321.7,321.75,20835,0
ICICIBANK.NSE,30-05-2017,14:52:59,321.8,321.9,321.65,321.9,36451,0
ICICIBANK.NSE,30-05-2017,14:53:59,321.85,321.9,321.65,321.8,23248,0
ICICIBANK.NSE,30-05-2017,14:54:59,321.75,321.9,321.65,321.7,21965,0
ICICIBANK.NSE,30-05-2017,14:55:59,321.75,321.85,321.65,321.7,23557,0
ICICIBANK.NSE,30-05-2017,14:56:59,321.7,321.8,321.15,321.5,109048,0
ICICIBANK.NSE,30-05-2017,14:57:59,321.5,321.85,321.5,321.65,27830,0
ICICIBANK.NSE,30-05-2017,14:58:59,321.7,321.85,321.5,321.5,22346,0
ICICIBANK.NSE,30-05-2017,14:59:59,321.5,321.65,321.25,321.3,28736,0
ICICIBANK.NSE,30-05-2017,15:00:59,321.3,321.45,321.2,321.2,39248,0
ICICIBANK.NSE,30-05-2017,15:01:59,321.25,321.6,321.25,321.4,38387,0
ICICIBANK.NSE,30-05-2017,15:02:59,321.4,321.55,321.3,321.45,32092,0
ICICIBANK.NSE,30-05-2017,15:03:59,321.5,321.5,321.25,321.4,40192,0
ICICIBANK.NSE,30-05-2017,15:04:59,321.4,321.45,321.25,321.25,23023,0
ICICIBANK.NSE,30-05-2017,15:05:59,321.35,321.5,321.25,321.5,36172,0
ICICIBANK.NSE,30-05-2017,15:06:59,321.55,321.6,321.3,321.3,53231,0
ICICIBANK.NSE,30-05-2017,15:07:59,321.35,321.45,321.25,321.4,28064,0
ICICIBANK.NSE,30-05-2017,15:08:59,321.35,321.5,321.3,321.4,26311,0
ICICIBANK.NSE,30-05-2017,15:09:59,321.4,321.5,321.2,321.4,82511,0
ICICIBANK.NSE,30-05-2017,15:10:59,321.4,321.45,321.15,321.25,60976,0
ICICIBANK.NSE,30-05-2017,15:11:59,321.2,321.4,321.1,321.25,37328,0
ICICIBANK.NSE,30-05-2017,15:12:59,321.25,321.35,321.05,321.15,50525,0
ICICIBANK.NSE,30-05-2017,15:13:59,321.2,321.2,320.9,321.1,69339,0
ICICIBANK.NSE,30-05-2017,15:14:59,321,321.3,321,321,39827,0
ICICIBANK.NSE,30-05-2017,15:15:59,321.05,321.55,320.95,321.15,161726,0
ICICIBANK.NSE,30-05-2017,15:16:59,321.1,321.5,321,321.2,114007,0
ICICIBANK.NSE,30-05-2017,15:17:59,321.2,321.55,321.15,321.2,50659,0
ICICIBANK.NSE,30-05-2017,15:18:59,321.2,321.6,321.2,321.5,70659,0
ICICIBANK.NSE,30-05-2017,15:19:59,321.6,321.8,321.5,321.55,70909,0
ICICIBANK.NSE,30-05-2017,15:20:59,321.65,321.7,321.2,321.5,163771,0
ICICIBANK.NSE,30-05-2017,15:21:59,321.5,321.6,321.45,321.5,60934,0
ICICIBANK.NSE,30-05-2017,15:22:59,321.5,321.85,321.5,321.7,65734,0
ICICIBANK.NSE,30-05-2017,15:23:59,321.7,321.95,321.7,321.85,51296,0
ICICIBANK.NSE,30-05-2017,15:24:59,321.85,321.95,321.7,321.8,57039,0
ICICIBANK.NSE,30-05-2017,15:25:59,321.8,321.95,321.75,321.8,38601,0
ICICIBANK.NSE,30-05-2017,15:26:59,321.85,321.85,321.45,321.55,61275,0
ICICIBANK.NSE,30-05-2017,15:27:59,321.6,321.75,321.35,321.45,65368,0
ICICIBANK.NSE,30-05-2017,15:28:59,321.45,321.8,321.25,321.25,132081,0
ICICIBANK.NSE,30-05-2017,15:29:59,321.25,321.5,320.8,321.5,62853,0
